{
  "Linear": {
    "N": [
      1,
      2,
      4,
      8,
      16,
      32,
      64
    ],
    "proxy_mean": [
      0.09779541015625,
      0.4047845458984375,
      0.6530950927734375,
      0.8992529296875,
      1.123544921875,
      1.28494140625,
      1.46814453125
    ],
    "proxy_std": [
      1.1361278055784696,
      1.039845157313344,
      1.026529081361497,
      0.9710250991161443,
      0.9119518932633883,
      0.8546961428468541,
      0.7568280843846603
    ],
    "gold_mean": [
      -10.2794775390625,
      -10.3880908203125,
      -10.421240234375,
      -9.113662109375,
      -7.614208984375,
      -7.658076171875,
      -8.623935546875
    ],
    "gold_std": [
      11.925159852269053,
      11.763625178036134,
      11.859244652133548,
      11.027937950387779,
      10.750748846341917,
      9.835725760175585,
      10.774520019935208
    ],
    "selected_length_mean": [
      243.05,
      240.25,
      250.28,
      254.51,
      256.38,
      262.6,
      273.35
    ],
    "selected_length_std": [
      151.4852715612973,
      147.739661228798,
      144.94751325911045,
      139.45203440609964,
      134.26852051020745,
      131.88707290708973,
      127.37153331886996
    ]
  },
  "BoundedTanh": {
    "N": [
      1,
      2,
      4,
      8,
      16,
      32,
      64
    ],
    "proxy_mean": [
      0.14717641830444336,
      0.24687475204467774,
      0.3472041320800781,
      0.45416946411132814,
      0.51653076171875,
      0.57260009765625,
      0.6069384765625
    ],
    "proxy_std": [
      0.4735380674408763,
      0.42936743988983894,
      0.38643696036890307,
      0.3276197948602712,
      0.29095488314012646,
      0.2438934067051775,
      0.21443850282942128
    ],
    "gold_mean": [
      -10.2794775390625,
      -10.1776220703125,
      -10.6029833984375,
      -9.7441015625,
      -7.6286328125,
      -8.12731201171875,
      -8.88232421875
    ],
    "gold_std": [
      11.925159852269053,
      11.518195328390894,
      11.659582227542634,
      10.24398230327789,
      10.703478812796515,
      10.874293605205317,
      10.911321718852303
    ],
    "selected_length_mean": [
      243.05,
      244.23,
      252.93,
      258.7,
      260.13,
      266.34,
      265.38
    ],
    "selected_length_std": [
      151.4852715612973,
      147.00481998900582,
      144.06868188471773,
      137.44617128170577,
      137.87339518558318,
      133.8499323869833,
      133.18091304687772
    ]
  },
  "Gaussian": {
    "N": [
      1,
      2,
      4,
      8,
      16,
      32,
      64
    ],
    "proxy_mean": [
      0.6935986328125,
      0.81748046875,
      0.886943359375,
      0.95919921875,
      1.000625,
      1.03302734375,
      1.08353515625
    ],
    "proxy_std": [
      0.3571150365967775,
      0.3308256634288366,
      0.3218406245569442,
      0.2862933363447791,
      0.26016195095104944,
      0.23214007585137938,
      0.17415017020967166
    ],
    "gold_mean": [
      -10.2794775390625,
      -10.1414111328125,
      -11.191328125,
      -10.8643359375,
      -10.650234375,
      -10.635546875,
      -10.56849609375
    ],
    "gold_std": [
      11.925159852269053,
      11.692108622396926,
      11.207034354031899,
      11.475193154764234,
      11.334044781632926,
      10.7298403116735,
      9.404767476117149
    ],
    "selected_length_mean": [
      243.05,
      233.47,
      239.65,
      236.27,
      240.24,
      240.97,
      248.61
    ],
    "selected_length_std": [
      151.4852715612973,
      143.9945453828026,
      140.0140975045013,
      136.17304101766987,
      130.71511924792787,
      126.23339138278745,
      119.66218241365982
    ]
  },
  "Quadratic": {
    "N": [
      1,
      2,
      4,
      8,
      16,
      32,
      64
    ],
    "proxy_mean": [
      -2.77791015625,
      -2.320625,
      -1.99650390625,
      -1.70416015625,
      -1.4773828125,
      -1.2971875,
      -1.12912109375
    ],
    "proxy_std": [
      1.5887240830175136,
      1.359229397958422,
      1.3244724387976683,
      1.1980683819482496,
      1.1148823184190069,
      1.011111278473371,
      0.8812966146923733
    ],
    "gold_mean": [
      -10.2794775390625,
      -9.8140673828125,
      -9.905341796875,
      -9.353505859375,
      -7.8790234375,
      -8.510078125,
      -8.4656640625
    ],
    "gold_std": [
      11.925159852269053,
      11.419035888520394,
      11.520892400726513,
      10.716254518023613,
      10.300615465682757,
      9.465664621264558,
      9.967564454302027
    ],
    "selected_length_mean": [
      243.05,
      236.34,
      247.34,
      251.96,
      251.67,
      260.28,
      257.49
    ],
    "selected_length_std": [
      151.4852715612973,
      145.43886825742285,
      145.24952461195872,
      143.55054301534355,
      138.9147260012415,
      135.9357259884244,
      133.87139313535212
    ]
  }
}