{
  "Linear": {
    "N": [
      1,
      2,
      4,
      8,
      16,
      32,
      64
    ],
    "proxy_mean": [
      -0.0175677490234375,
      0.261943359375,
      0.48738525390625,
      0.75847412109375,
      0.9826123046875,
      1.0994970703125,
      1.21196044921875
    ],
    "proxy_std": [
      1.014442295030425,
      0.9241055369619208,
      0.8504025719486387,
      0.781496891908054,
      0.6926992729588787,
      0.6429673647210923,
      0.614233042735792
    ],
    "gold_mean": [
      -8.990771484375,
      -8.844169921875,
      -8.899521484375,
      -7.899130859375,
      -7.11240234375,
      -7.7615234375,
      -8.138701171875
    ],
    "gold_std": [
      12.131687463697654,
      12.318115558093222,
      11.61472545023005,
      11.565666076451157,
      11.084223249508154,
      11.42394156279831,
      11.158928665687078
    ],
    "selected_length_mean": [
      277.27,
      291.83,
      290.35,
      310.09,
      318.49,
      343.36,
      347.04
    ],
    "selected_length_std": [
      190.30264606673236,
      186.89500020064742,
      174.9450985309391,
      168.39988687644654,
      167.3780448565462,
      162.31873089696086,
      164.00859245783437
    ]
  },
  "Bounded_above": {
    "N": [
      1,
      2,
      4,
      8,
      16,
      32,
      64
    ],
    "proxy_mean": [
      -0.3633135986328125,
      -0.25219436645507814,
      -0.13984710693359376,
      -0.07767059326171875,
      -0.05094100952148437,
      -0.02285125732421875,
      -0.015443878173828125
    ],
    "proxy_std": [
      0.323588333085407,
      0.29681280503149365,
      0.23878936912352966,
      0.16524197737049542,
      0.11848826653953817,
      0.07644426311784816,
      0.07206544493488265
    ],
    "gold_mean": [
      -10.144248046875,
      -9.496787109375,
      -8.996943359375,
      -8.259912109375,
      -8.195673828125,
      -8.854560546875,
      -10.044521484375
    ],
    "gold_std": [
      12.052488078305533,
      12.36593950620804,
      12.14430635793021,
      12.516485413254019,
      12.438023992382973,
      11.260041448654906,
      11.363836784409061
    ],
    "selected_length_mean": [
      292.1,
      295.73,
      305.76,
      315.82,
      323.19,
      330.85,
      346.0
    ],
    "selected_length_std": [
      188.26653977804978,
      188.36017917808425,
      178.27322401303005,
      169.5126178194414,
      172.83024590620707,
      164.4112754649145,
      153.46093965566612
    ]
  },
  "Gaussian": {
    "N": [
      1,
      2,
      4,
      8,
      16,
      32,
      64
    ],
    "proxy_mean": [
      0.4826202392578125,
      0.57336669921875,
      0.658665771484375,
      0.7375537109375,
      0.78888671875,
      0.82225341796875,
      0.84990234375
    ],
    "proxy_std": [
      0.3202056737303986,
      0.3024745032406433,
      0.2642375175847947,
      0.2104256473236261,
      0.1910583263636421,
      0.1678244192447499,
      0.14233508153790256
    ],
    "gold_mean": [
      -9.60962646484375,
      -8.963393249511718,
      -9.05382080078125,
      -8.47616455078125,
      -8.70478759765625,
      -9.71132080078125,
      -10.770185546875
    ],
    "gold_std": [
      12.023184155401038,
      12.086148707700643,
      11.891214956436993,
      11.171698040375945,
      12.217581147470975,
      12.155581380566627,
      12.293327033407369
    ],
    "selected_length_mean": [
      282.21,
      284.11,
      282.71,
      298.57,
      308.14,
      311.25,
      318.72
    ],
    "selected_length_std": [
      187.64862349615038,
      185.13513415880843,
      175.4760550616522,
      160.8358949364227,
      161.91053208485232,
      156.36920253042157,
      144.18551106127134
    ]
  }
}