{
  "standard": {
    "pairwise_accuracy": 0.7,
    "reward_chosen_mean": -0.6768694305419922,
    "reward_chosen_std": 0.6798773274709873,
    "reward_rejected_mean": -1.0776253890991212,
    "reward_rejected_std": 0.7410311425017785,
    "reward_margin_mean": 0.4007559585571289,
    "reward_margin_std": 0.8374579620431762,
    "preact_chosen_mean": -12.296742281913758,
    "preact_chosen_std": 17.56529861083676,
    "preact_rejected_mean": -21.07129274368286,
    "preact_rejected_std": 19.930667376806845,
    "length_correlation": 0.3074980810792185,
    "n_examples": 200
  },
  "runaway": {
    "ts": [
      -50.0,
      -44.44444274902344,
      -38.88888931274414,
      -33.333335876464844,
      -27.77777862548828,
      -22.22222328186035,
      -16.666667938232422,
      -11.111112594604492,
      -5.5555572509765625,
      -1.9073486328125e-06,
      5.555553436279297,
      11.111108779907227,
      16.666664123535156,
      22.222219467163086,
      27.777774810791016,
      33.33332824707031,
      38.888885498046875,
      44.44444274902344,
      49.999996185302734,
      55.55554962158203,
      61.111106872558594,
      66.66666412353516,
      72.22221374511719,
      77.77777099609375,
      83.33332824707031,
      88.88888549804688,
      94.44444274902344,
      99.99999237060547,
      105.55554962158203,
      111.1111068725586,
      116.66665649414062,
      122.22221374511719,
      127.77777099609375,
      133.3333282470703,
      138.88888549804688,
      144.44444274902344,
      150.0,
      155.5555419921875,
      161.11109924316406,
      166.66665649414062,
      172.2222137451172,
      177.77777099609375,
      183.3333282470703,
      188.88888549804688,
      194.44442749023438,
      199.99998474121094,
      205.5555419921875,
      211.11109924316406,
      216.66665649414062,
      222.2222137451172,
      227.7777862548828,
      233.33334350585938,
      238.88890075683594,
      244.4444580078125,
      250.00001525878906,
      255.55557250976562,
      261.1111145019531,
      266.66668701171875,
      272.22222900390625,
      277.77777099609375,
      283.3333435058594,
      288.8888854980469,
      294.4444580078125,
      300.0,
      305.5555725097656,
      311.1111145019531,
      316.66668701171875,
      322.22222900390625,
      327.77777099609375,
      333.3333435058594,
      338.8888854980469,
      344.4444580078125,
      350.0,
      355.5555725097656,
      361.1111145019531,
      366.66668701171875,
      372.22222900390625,
      377.77777099609375,
      383.3333435058594,
      388.8888854980469,
      394.4444580078125,
      400.0,
      405.5555725097656,
      411.1111145019531,
      416.6666564941406,
      422.22222900390625,
      427.77777099609375,
      433.3333435058594,
      438.8888854980469,
      444.4444580078125,
      450.0,
      455.5555419921875,
      461.1111145019531,
      466.6666564941406,
      472.22222900390625,
      477.77777099609375,
      483.3333435058594,
      488.8888854980469,
      494.4444580078125,
      500.0
    ],
    "reward_mean": [
      -0.1076367199420929,
      -0.10074218362569809,
      -0.09363280981779099,
      -0.0864550769329071,
      -0.07909179478883743,
      -0.07167968899011612,
      -0.0642724558711052,
      -0.056904297322034836,
      -0.049736328423023224,
      -0.04276855289936066,
      -0.036357421427965164,
      -0.03067626804113388,
      -0.025764159858226776,
      -0.021589355543255806,
      -0.018099365755915642,
      -0.015225829556584358,
      -0.012894286774098873,
      -0.01100952085107565,
      -0.0095062255859375,
      -0.00829467736184597,
      -0.007327270228415728,
      -0.006553344428539276,
      -0.0059332274831831455,
      -0.005424804519861937,
      -0.005013122223317623,
      -0.004674682393670082,
      -0.0043939207680523396,
      -0.004163512960076332,
      -0.0039715575985610485,
      -0.0038131712935864925,
      -0.0036740112118422985,
      -0.0035614012740552425,
      -0.0034609984140843153,
      -0.0033828734885901213,
      -0.003315734677016735,
      -0.0032594299409538507,
      -0.00321273785084486,
      -0.0031733703799545765,
      -0.0031388853676617146,
      -0.00311279296875,
      -0.003097381442785263,
      -0.0030804441776126623,
      -0.003068847581744194,
      -0.003062133677303791,
      -0.0030604552011936903,
      -0.0030633544083684683,
      -0.003065032884478569,
      -0.0030722045339643955,
      -0.003085174597799778,
      -0.0030953979585319757,
      -0.0031129454728215933,
      -0.0031303404830396175,
      -0.0031506347004324198,
      -0.0031741331331431866,
      -0.003194427350535989,
      -0.003221435472369194,
      -0.0032444761600345373,
      -0.0032742309849709272,
      -0.0033038328401744366,
      -0.003328246995806694,
      -0.0033568572252988815,
      -0.0033859251998364925,
      -0.0034234619233757257,
      -0.0034527587704360485,
      -0.003492278978228569,
      -0.0035264587495476007,
      -0.003560943529009819,
      -0.0035995482467114925,
      -0.003634567139670253,
      -0.003668899415060878,
      -0.0037109374534338713,
      -0.003749313298612833,
      -0.003787994384765625,
      -0.0038259124848991632,
      -0.0038722227327525616,
      -0.003911361563950777,
      -0.003958740271627903,
      -0.0040000914596021175,
      -0.004041824024170637,
      -0.004095840267837048,
      -0.004131545778363943,
      -0.004179839976131916,
      -0.004228896927088499,
      -0.004274291917681694,
      -0.0043257903307676315,
      -0.004370193462818861,
      -0.004424743354320526,
      -0.004472427070140839,
      -0.004519195295870304,
      -0.004579849075525999,
      -0.00462482450529933,
      -0.004679031204432249,
      -0.004723205231130123,
      -0.004782905336469412,
      -0.004832458216696978,
      -0.0048943329602479935,
      -0.004938277881592512,
      -0.004996719304472208,
      -0.005046157632023096,
      -0.0051030730828642845
    ],