{
  "standard": {
    "pairwise_accuracy": 0.675,
    "reward_chosen_mean": -0.670413761138916,
    "reward_chosen_std": 0.6846843403838916,
    "reward_rejected_mean": -1.1139088439941407,
    "reward_rejected_std": 0.8019368726466019,
    "reward_margin_mean": 0.4434950828552246,
    "reward_margin_std": 0.9034370997338819,
    "preact_chosen_mean": -12.757851493358611,
    "preact_chosen_std": 17.933546822621285,
    "preact_rejected_mean": -22.10011014699936,
    "preact_rejected_std": 22.25759004497476,
    "length_correlation": 0.2643775396447484,
    "n_examples": 200
  },
  "runaway": {
    "ts": [
      -50.0,
      -44.44444274902344,
      -38.88888931274414,
      -33.333335876464844,
      -27.77777862548828,
      -22.22222328186035,
      -16.666667938232422,
      -11.111112594604492,
      -5.5555572509765625,
      -1.9073486328125e-06,
      5.555553436279297,
      11.111108779907227,
      16.666664123535156,
      22.222219467163086,
      27.777774810791016,
      33.33332824707031,
      38.888885498046875,
      44.44444274902344,
      49.999996185302734,
      55.55554962158203,
      61.111106872558594,
      66.66666412353516,
      72.22221374511719,
      77.77777099609375,
      83.33332824707031,
      88.88888549804688,
      94.44444274902344,
      99.99999237060547,
      105.55554962158203,
      111.1111068725586,
      116.66665649414062,
      122.22221374511719,
      127.77777099609375,
      133.3333282470703,
      138.88888549804688,
      144.44444274902344,
      150.0,
      155.5555419921875,
      161.11109924316406,
      166.66665649414062,
      172.2222137451172,
      177.77777099609375,
      183.3333282470703,
      188.88888549804688,
      194.44442749023438,
      199.99998474121094,
      205.5555419921875,
      211.11109924316406,
      216.66665649414062,
      222.2222137451172,
      227.7777862548828,
      233.33334350585938,
      238.88890075683594,
      244.4444580078125,
      250.00001525878906,
      255.55557250976562,
      261.1111145019531,
      266.66668701171875,
      272.22222900390625,
      277.77777099609375,
      283.3333435058594,
      288.8888854980469,
      294.4444580078125,
      300.0,
      305.5555725097656,
      311.1111145019531,
      316.66668701171875,
      322.22222900390625,
      327.77777099609375,
      333.3333435058594,
      338.8888854980469,
      344.4444580078125,
      350.0,
      355.5555725097656,
      361.1111145019531,
      366.66668701171875,
      372.22222900390625,
      377.77777099609375,
      383.3333435058594,
      388.8888854980469,
      394.4444580078125,
      400.0,
      405.5555725097656,
      411.1111145019531,
      416.6666564941406,
      422.22222900390625,
      427.77777099609375,
      433.3333435058594,
      438.8888854980469,
      444.4444580078125,
      450.0,
      455.5555419921875,
      461.1111145019531,
      466.6666564941406,
      472.22222900390625,
      477.77777099609375,
      483.3333435058594,
      488.8888854980469,
      494.4444580078125,
      500.0
    ],
    "reward_mean": [
      -0.12843750417232513,
      -0.12094726413488388,
      -0.1132226511836052,
      -0.10548827797174454,
      -0.09772460907697678,
      -0.08991210907697678,
      -0.08220703154802322,
      -0.0745556652545929,
      -0.06696777045726776,
      -0.059526365250349045,
      -0.05247558653354645,
      -0.04603027179837227,
      -0.040229491889476776,
      -0.0350341796875,
      -0.030439453199505806,
      -0.026418456807732582,
      -0.022938231006264687,
      -0.01994018442928791,
      -0.017385253682732582,
      -0.015207518823444843,
      -0.013367919251322746,
      -0.01184997521340847,
      -0.010559692047536373,
      -0.009483031928539276,
      -0.008591308258473873,
      -0.007847900502383709,
      -0.007221069186925888,
      -0.0067010498605668545,
      -0.006260985974222422,
      -0.005897826980799437,
      -0.005585937295109034,
      -0.0053219604305922985,
      -0.005101012997329235,
      -0.004927673377096653,
      -0.004773254506289959,
      -0.00464630126953125,
      -0.004543151706457138,
      -0.0044598388485610485,
      -0.004394836258143187,
      -0.0043426514603197575,
      -0.00431060791015625,
      -0.004284057300537825,
      -0.0042730714194476604,
      -0.004267883021384478,
      -0.00427322369068861,
      -0.004279784858226776,
      -0.004300079308450222,
      -0.004324951209127903,
      -0.004356078803539276,
      -0.00438766460865736,
      -0.004427948035299778,
      -0.0044760131277143955,
      -0.0045228577218949795,
      -0.0045693968422710896,
      -0.0046249390579760075,
      -0.004682464525103569,
      -0.0047354125417768955,
      -0.0047908020205795765,
      -0.004857025109231472,
      -0.004926910158246756,
      -0.004993743728846312,
      -0.005070800893008709,
      -0.0051379394717514515,
      -0.005217437632381916,
      -0.005296020302921534,
      -0.005371398758143187,
      -0.0054596709087491035,
      -0.005549239926040173,
      -0.005626907106488943,
      -0.005717925727367401,
      -0.0058111571706831455,
      -0.005896224640309811,
      -0.005990752950310707,
      -0.006086501758545637,
      -0.006180038210004568,
      -0.006273040547966957,
      -0.0063700866885483265,
      -0.006474304012954235,
      -0.006577987689524889,
      -0.00667228689417243,
      -0.006771239917725325,
      -0.006878204178065062,
      -0.0069789886474609375,
      -0.007080459501594305,
      -0.0071862791664898396,
      -0.007300185970962048,
      -0.007406463380903006,
      -0.007511825300753117,
      -0.007620315533131361,
      -0.00772857666015625,
      -0.007843017578125,
      -0.00796180684119463,
      -0.008070831187069416,
      -0.008181151933968067,
      -0.008295592851936817,
      -0.0084131620824337,
      -0.0085296630859375,
      -0.008646315895020962,
      -0.008764647878706455,
      -0.008877143263816833
    ],