{
  "standard": {
    "pairwise_accuracy": 0.64,
    "reward_chosen_mean": -4.64390625,
    "reward_chosen_std": 1.506006520453493,
    "reward_rejected_mean": -5.507890625,
    "reward_rejected_std": 1.7228218794383487,
    "reward_margin_mean": 0.863984375,
    "reward_margin_std": 1.9602960837801988,
    "preact_chosen_mean": -0.264551952034235,
    "preact_chosen_std": 2.563266378121561,
    "preact_chosen_abs_mean": 1.9981961058080195,
    "preact_rejected_mean": -0.29041428595781327,
    "preact_rejected_std": 2.7912969737179196,
    "preact_rejected_abs_mean": 2.1834822061657904,
    "length_correlation": 0.3816820271906767,
    "n_examples": 200
  },
  "runaway": {
    "ts": [
      -50.0,
      -48.48484802246094,
      -46.969696044921875,
      -45.45454406738281,
      -43.93939208984375,
      -42.42424392700195,
      -40.90909194946289,
      -39.39393997192383,
      -37.878787994384766,
      -36.3636360168457,
      -34.84848403930664,
      -33.33333206176758,
      -31.81818199157715,
      -30.303030014038086,
      -28.787879943847656,
      -27.272727966308594,
      -25.75757598876953,
      -24.24242401123047,
      -22.727272033691406,
      -21.212121963500977,
      -19.696969985961914,
      -18.18181800842285,
      -16.666667938232422,
      -15.15151596069336,
      -13.636363983154297,
      -12.121212005615234,
      -10.606060981750488,
      -9.090909957885742,
      -7.57575798034668,
      -6.060606479644775,
      -4.545454978942871,
      -3.030303478240967,
      -1.5151519775390625,
      -4.76837158203125e-07,
      1.515151023864746,
      3.0303025245666504,
      4.545454025268555,
      6.060605525970459,
      7.575757026672363,
      9.09090805053711,
      10.606060028076172,
      12.121212005615234,
      13.63636302947998,
      15.151514053344727,
      16.66666603088379,
      18.18181800842285,
      19.69696807861328,
      21.212120056152344,
      22.727272033691406,
      24.24242401123047,
      25.75757598876953,
      27.272727966308594,
      28.787879943847656,
      30.30303192138672,
      31.81818199157715,
      33.333335876464844,
      34.84848403930664,
      36.3636360168457,
      37.878787994384766,
      39.39393997192383,
      40.90909194946289,
      42.42424392700195,
      43.939395904541016,
      45.45454406738281,
      46.969696044921875,
      48.48484802246094,
      50.0,
      51.51515197753906,
      53.030303955078125,
      54.54545593261719,
      56.06060791015625,
      57.57575988769531,
      59.09090805053711,
      60.60606002807617,
      62.121212005615234,
      63.6363639831543,
      65.1515121459961,
      66.66666412353516,
      68.18181610107422,
      69.69696807861328,
      71.21212005615234,
      72.7272720336914,
      74.24242401123047,
      75.75757598876953,
      77.2727279663086,
      78.78787994384766,
      80.30303192138672,
      81.81818389892578,
      83.33333587646484,
      84.8484878540039,
      86.36363983154297,
      87.8787841796875,
      89.39393615722656,
      90.90908813476562,
      92.42424011230469,
      93.93939208984375,
      95.45454406738281,
      96.96969604492188,
      98.48484802246094,
      100.0
    ],
    "reward_mean": [
      -15.183749198913574,
      -14.703749656677246,
      -14.236249923706055,
      -13.769999504089355,
      -13.313749313354492,
      -12.866250038146973,
      -12.422499656677246,
      -11.984999656677246,
      -11.547499656677246,
      -11.123749732971191,
      -10.701250076293945,
      -10.289999961853027,
      -9.885000228881836,
      -9.486249923706055,
      -9.09999942779541,
      -8.708125114440918,
      -8.326250076293945,
      -7.963749885559082,
      -7.599374771118164,
      -7.237499713897705,
      -6.893749713897705,
      -6.55187463760376,
      -6.214375019073486,
      -5.89187479019165,
      -5.573750019073486,
      -5.264999866485596,
      -4.961249828338623,
      -4.668437480926514,
      -4.383124828338623,
      -4.104687213897705,
      -3.8374998569488525,
      -3.578437328338623,
      -3.323124885559082,
      -3.080937385559082,
      -2.848437547683716,
      -2.6268749237060547,
      -2.4164061546325684,
      -2.2181248664855957,
      -2.028125047683716,
      -1.8507812023162842,
      -1.6828124523162842,
      -1.526406168937683,
      -1.3793749809265137,
      -1.2421092987060547,
      -1.1161718368530273,
      -1.0,
      -0.8916406035423279,
      -0.7922655940055847,
      -0.7029687166213989,
      -0.6215234398841858,
      -0.5487109422683716,
      -0.48386716842651367,
      -0.4269335865974426,
      -0.3775390684604645,
      -0.3358203172683716,
      -0.3015234172344208,
      -0.2742968797683716,
      -0.25388669967651367,
      -0.23982422053813934,
      -0.23216795921325684,
      -0.23099608719348907,
      -0.23527343571186066,
      -0.24513670802116394,
      -0.26076170802116394,
      -0.2816796898841858,
      -0.3074609339237213,
      -0.33833983540534973,
      -0.37361326813697815,
      -0.4132617115974426,
      -0.45753905177116394,
      -0.5062109231948853,
      -0.5582422018051147,
      -0.6132421493530273,
      -0.6736718416213989,
      -0.7373827695846558,
      -0.8032812476158142,
      -0.8723437190055847,
      -0.9461718797683716,
      -1.0226562023162842,
      -1.1008594036102295,
      -1.1825780868530273,
      -1.2655467987060547,
      -1.3527343273162842,
      -1.4432811737060547,
      -1.5339062213897705,
      -1.6290624141693115,
      -1.724062442779541,
      -1.8237498998641968,
      -1.9246875047683716,
      -2.027656316757202,
      -2.133437395095825,
      -2.240000009536743,
      -2.349375009536743,
      -2.4603123664855957,
      -2.573124885559082,
      -2.6865625381469727,
      -2.801874876022339,
      -2.9203124046325684,
      -3.0403125286102295,
      -3.159374952316284
    ],