{
  "standard": {
    "pairwise_accuracy": 0.63,
    "reward_chosen_mean": 0.021627197265625,
    "reward_chosen_std": 0.5634558524928989,
    "reward_rejected_mean": -0.30461822509765624,
    "reward_rejected_std": 0.6123267766225394,
    "reward_margin_mean": 0.32624542236328125,
    "reward_margin_std": 0.7231192426695872,
    "preact_chosen_mean": -0.20060731530189513,
    "preact_chosen_std": 2.7750705989853994,
    "preact_chosen_abs_mean": 2.4186879599094393,
    "preact_rejected_mean": -1.2004548338055612,
    "preact_rejected_std": 2.5676449277182947,
    "preact_rejected_abs_mean": 2.533771178424358,
    "length_correlation": 0.2721842493749924,
    "n_examples": 200
  },
  "runaway": {
    "ts": [
      -50.0,
      -48.48484802246094,
      -46.969696044921875,
      -45.45454406738281,
      -43.93939208984375,
      -42.42424392700195,
      -40.90909194946289,
      -39.39393997192383,
      -37.878787994384766,
      -36.3636360168457,
      -34.84848403930664,
      -33.33333206176758,
      -31.81818199157715,
      -30.303030014038086,
      -28.787879943847656,
      -27.272727966308594,
      -25.75757598876953,
      -24.24242401123047,
      -22.727272033691406,
      -21.212121963500977,
      -19.696969985961914,
      -18.18181800842285,
      -16.666667938232422,
      -15.15151596069336,
      -13.636363983154297,
      -12.121212005615234,
      -10.606060981750488,
      -9.090909957885742,
      -7.57575798034668,
      -6.060606479644775,
      -4.545454978942871,
      -3.030303478240967,
      -1.5151519775390625,
      -4.76837158203125e-07,
      1.515151023864746,
      3.0303025245666504,
      4.545454025268555,
      6.060605525970459,
      7.575757026672363,
      9.09090805053711,
      10.606060028076172,
      12.121212005615234,
      13.63636302947998,
      15.151514053344727,
      16.66666603088379,
      18.18181800842285,
      19.69696807861328,
      21.212120056152344,
      22.727272033691406,
      24.24242401123047,
      25.75757598876953,
      27.272727966308594,
      28.787879943847656,
      30.30303192138672,
      31.81818199157715,
      33.333335876464844,
      34.84848403930664,
      36.3636360168457,
      37.878787994384766,
      39.39393997192383,
      40.90909194946289,
      42.42424392700195,
      43.939395904541016,
      45.45454406738281,
      46.969696044921875,
      48.48484802246094,
      50.0,
      51.51515197753906,
      53.030303955078125,
      54.54545593261719,
      56.06060791015625,
      57.57575988769531,
      59.09090805053711,
      60.60606002807617,
      62.121212005615234,
      63.6363639831543,
      65.1515121459961,
      66.66666412353516,
      68.18181610107422,
      69.69696807861328,
      71.21212005615234,
      72.7272720336914,
      74.24242401123047,
      75.75757598876953,
      77.2727279663086,
      78.78787994384766,
      80.30303192138672,
      81.81818389892578,
      83.33333587646484,
      84.8484878540039,
      86.36363983154297,
      87.8787841796875,
      89.39393615722656,
      90.90908813476562,
      92.42424011230469,
      93.93939208984375,
      95.45454406738281,
      96.96969604492188,
      98.48484802246094,
      100.0
    ],
    "reward_mean": [
      -0.3682031035423279,
      -0.3652929663658142,
      -0.36173826456069946,
      -0.35837888717651367,
      -0.3548632860183716,
      -0.35082030296325684,
      -0.34687498211860657,
      -0.3425000011920929,
      -0.33818358182907104,
      -0.3331054747104645,
      -0.3279101550579071,
      -0.3226269483566284,
      -0.31660154461860657,
      -0.31025388836860657,
      -0.3033789098262787,
      -0.2958398461341858,
      -0.28743162751197815,
      -0.27864256501197815,
      -0.2687695324420929,
      -0.2579589784145355,
      -0.24611327052116394,
      -0.2328808605670929,
      -0.21826171875,
      -0.2019091695547104,
      -0.1839269995689392,
      -0.16368164122104645,
      -0.14147460460662842,
      -0.11710967868566513,
      -0.08991576731204987,
      -0.06069183349609375,
      -0.029149169102311134,
      0.0047149658203125,
      0.03978118672966957,
      0.07563476264476776,
      0.11145751923322678,
      0.14692382514476776,
      0.18073241412639618,
      0.21286864578723907,
      0.24275633692741394,
      0.2702343761920929,
      0.29548826813697815,
      0.3184277415275574,
      0.3391210734844208,
      0.35792967677116394,
      0.37480467557907104,
      0.39011716842651367,
      0.4040820300579071,
      0.41650390625,
      0.4275781214237213,
      0.43800780177116394,
      0.4473828077316284,
      0.45585936307907104,
      0.46367186307907104,
      0.4708007574081421,
      0.4772265553474426,
      0.4836718738079071,
      0.4891992211341858,
      0.49433591961860657,
      0.4992968738079071,
      0.5037499666213989,
      0.5080859065055847,
      0.511914074420929,
      0.5153906345367432,
      0.5191406011581421,
      0.5223827958106995,
      0.5254296660423279,
      0.5282031297683716,
      0.5308984518051147,
      0.5333593487739563,
      0.5360546708106995,
      0.538281261920929,
      0.5406249761581421,
      0.5425390601158142,
      0.5441015362739563,
      0.5459765791893005,
      0.5475000143051147,
      0.5493749976158142,
      0.5501952767372131,
      0.5520703196525574,
      0.5532421469688416,
      0.5543749928474426,
      0.5555859208106995,
      0.5569140315055847,
      0.5576171875,
      0.5586718916893005,
      0.5596874952316284,
      0.5604687333106995,
      0.5615234375,
      0.5626562237739563,
      0.5629296898841858,
      0.5642187595367432,
      0.5645703077316284,
      0.5659374594688416,
      0.5663671493530273,
      0.5670703053474426,
      0.5674609541893005,
      0.5682030916213989,
      0.5689843893051147,
      0.5697265267372131,
      0.5702343583106995
    ],