{
  "standard": {
    "pairwise_accuracy": 0.645,
    "reward_chosen_mean": -0.3006512451171875,
    "reward_chosen_std": 0.9971898973267516,
    "reward_rejected_mean": -0.8064471435546875,
    "reward_rejected_std": 1.0841831816105176,
    "reward_margin_mean": 0.5057958984375,
    "reward_margin_std": 1.2746594043754524,
    "preact_chosen_mean": -0.3007388663291931,
    "preact_chosen_std": 2.16871124712297,
    "preact_rejected_mean": -0.8065815355628729,
    "preact_rejected_std": 2.3034701201270367,
    "length_correlation": 0.43573317664674727,
    "n_examples": 200
  },
  "runaway": {
    "ts": [
      -50.0,
      -44.44444274902344,
      -38.88888931274414,
      -33.333335876464844,
      -27.77777862548828,
      -22.22222328186035,
      -16.666667938232422,
      -11.111112594604492,
      -5.5555572509765625,
      -1.9073486328125e-06,
      5.555553436279297,
      11.111108779907227,
      16.666664123535156,
      22.222219467163086,
      27.777774810791016,
      33.33332824707031,
      38.888885498046875,
      44.44444274902344,
      49.999996185302734,
      55.55554962158203,
      61.111106872558594,
      66.66666412353516,
      72.22221374511719,
      77.77777099609375,
      83.33332824707031,
      88.88888549804688,
      94.44444274902344,
      99.99999237060547,
      105.55554962158203,
      111.1111068725586,
      116.66665649414062,
      122.22221374511719,
      127.77777099609375,
      133.3333282470703,
      138.88888549804688,
      144.44444274902344,
      150.0,
      155.5555419921875,
      161.11109924316406,
      166.66665649414062,
      172.2222137451172,
      177.77777099609375,
      183.3333282470703,
      188.88888549804688,
      194.44442749023438,
      199.99998474121094,
      205.5555419921875,
      211.11109924316406,
      216.66665649414062,
      222.2222137451172,
      227.7777862548828,
      233.33334350585938,
      238.88890075683594,
      244.4444580078125,
      250.00001525878906,
      255.55557250976562,
      261.1111145019531,
      266.66668701171875,
      272.22222900390625,
      277.77777099609375,
      283.3333435058594,
      288.8888854980469,
      294.4444580078125,
      300.0,
      305.5555725097656,
      311.1111145019531,
      316.66668701171875,
      322.22222900390625,
      327.77777099609375,
      333.3333435058594,
      338.8888854980469,
      344.4444580078125,
      350.0,
      355.5555725097656,
      361.1111145019531,
      366.66668701171875,
      372.22222900390625,
      377.77777099609375,
      383.3333435058594,
      388.8888854980469,
      394.4444580078125,
      400.0,
      405.5555725097656,
      411.1111145019531,
      416.6666564941406,
      422.22222900390625,
      427.77777099609375,
      433.3333435058594,
      438.8888854980469,
      444.4444580078125,
      450.0,
      455.5555419921875,
      461.1111145019531,
      466.6666564941406,
      472.22222900390625,
      477.77777099609375,
      483.3333435058594,
      488.8888854980469,
      494.4444580078125,
      500.0
    ],
    "reward_mean": [
      -1.9707812070846558,
      -1.7624999284744263,
      -1.549843668937683,
      -1.3314062356948853,
      -1.107578158378601,
      -0.8762499690055847,
      -0.6401171684265137,
      -0.3968456983566284,
      -0.14794021844863892,
      0.10691222548484802,
      0.36186522245407104,
      0.6112695336341858,
      0.853503406047821,
      1.0883593559265137,
      1.3154296875,
      1.536171793937683,
      1.7501561641693115,
      1.9589061737060547,
      2.161875009536743,
      2.3589062690734863,
      2.5492186546325684,
      2.737499952316284,
      2.9212498664855957,
      3.099062442779541,
      3.2749998569488525,
      3.448437452316284,
      3.61968731880188,
      3.784374952316284,
      3.948437452316284,
      4.108124732971191,
      4.267812252044678,
      4.42312479019165,
      4.579999923706055,
      4.721874713897705,
      4.874062538146973,
      5.021874904632568,
      5.163749694824219,
      5.306874752044678,
      5.448750019073486,
      5.590624809265137,
      5.733749866485596,
      5.869374752044678,
      6.006875038146973,
      6.143125057220459,
      6.279999732971191,
      6.412499904632568,
      6.547499656677246,
      6.679999828338623,
      6.815624713897705,
      6.947499752044678,
      7.079999923706055,
      7.207499980926514,
      7.339999675750732,
      7.469374656677246,
      7.602499961853027,
      7.738124847412109,
      7.858124732971191,
      7.988124847412109,
      8.117499351501465,
      8.242499351501465,
      8.375,
      8.500624656677246,
      8.630000114440918,
      8.760000228881836,
      8.884374618530273,
      9.016249656677246,
      9.141875267028809,
      9.273124694824219,
      9.398749351501465,
      9.522500038146973,
      9.654999732971191,
      9.77750015258789,
      9.904999732971191,
      10.036250114440918,
      10.15999984741211,
      10.2837495803833,
      10.40625,
      10.5337495803833,
      10.664999961853027,
      10.791250228881836,
      10.914999961853027,
      11.043749809265137,
      11.168749809265137,
      11.29124927520752,
      11.417499542236328,
      11.543749809265137,
      11.673749923706055,
      11.797499656677246,
      11.922499656677246,
      12.050000190734863,
      12.173749923706055,
      12.302499771118164,
      12.421249389648438,
      12.551249504089355,
      12.677499771118164,
      12.803750038146973,
      12.924999237060547,
      13.051249504089355,
      13.174999237060547,
      13.30875015258789
    ],