{
  "standard": {
    "pairwise_accuracy": 0.68,
    "reward_chosen_mean": -0.7703017902374267,
    "reward_chosen_std": 0.6748269342609609,
    "reward_rejected_mean": -1.1979775428771973,
    "reward_rejected_std": 0.7616437880543656,
    "reward_margin_mean": 0.42767575263977053,
    "reward_margin_std": 0.9035606492597984,
    "preact_chosen_mean": -14.40161096394062,
    "preact_chosen_std": 17.894875669817086,
    "preact_rejected_mean": -23.462458184957505,
    "preact_rejected_std": 21.335824455275517,
    "length_correlation": 0.21374144747331428,
    "n_examples": 200
  },
  "runaway": {
    "ts": [
      -50.0,
      -44.44444274902344,
      -38.88888931274414,
      -33.333335876464844,
      -27.77777862548828,
      -22.22222328186035,
      -16.666667938232422,
      -11.111112594604492,
      -5.5555572509765625,
      -1.9073486328125e-06,
      5.555553436279297,
      11.111108779907227,
      16.666664123535156,
      22.222219467163086,
      27.777774810791016,
      33.33332824707031,
      38.888885498046875,
      44.44444274902344,
      49.999996185302734,
      55.55554962158203,
      61.111106872558594,
      66.66666412353516,
      72.22221374511719,
      77.77777099609375,
      83.33332824707031,
      88.88888549804688,
      94.44444274902344,
      99.99999237060547,
      105.55554962158203,
      111.1111068725586,
      116.66665649414062,
      122.22221374511719,
      127.77777099609375,
      133.3333282470703,
      138.88888549804688,
      144.44444274902344,
      150.0,
      155.5555419921875,
      161.11109924316406,
      166.66665649414062,
      172.2222137451172,
      177.77777099609375,
      183.3333282470703,
      188.88888549804688,
      194.44442749023438,
      199.99998474121094,
      205.5555419921875,
      211.11109924316406,
      216.66665649414062,
      222.2222137451172,
      227.7777862548828,
      233.33334350585938,
      238.88890075683594,
      244.4444580078125,
      250.00001525878906,
      255.55557250976562,
      261.1111145019531,
      266.66668701171875,
      272.22222900390625,
      277.77777099609375,
      283.3333435058594,
      288.8888854980469,
      294.4444580078125,
      300.0,
      305.5555725097656,
      311.1111145019531,
      316.66668701171875,
      322.22222900390625,
      327.77777099609375,
      333.3333435058594,
      338.8888854980469,
      344.4444580078125,
      350.0,
      355.5555725097656,
      361.1111145019531,
      366.66668701171875,
      372.22222900390625,
      377.77777099609375,
      383.3333435058594,
      388.8888854980469,
      394.4444580078125,
      400.0,
      405.5555725097656,
      411.1111145019531,
      416.6666564941406,
      422.22222900390625,
      427.77777099609375,
      433.3333435058594,
      438.8888854980469,
      444.4444580078125,
      450.0,
      455.5555419921875,
      461.1111145019531,
      466.6666564941406,
      472.22222900390625,
      477.77777099609375,
      483.3333435058594,
      488.8888854980469,
      494.4444580078125,
      500.0
    ],
    "reward_mean": [
      -0.102783203125,
      -0.09627929329872131,
      -0.08977539092302322,
      -0.08324218541383743,
      -0.07664062082767487,
      -0.0700976550579071,
      -0.06355468928813934,
      -0.0570996068418026,
      -0.050761718302965164,
      -0.044584959745407104,
      -0.03880126774311066,
      -0.03357177600264549,
      -0.028933104127645493,
      -0.024842528626322746,
      -0.021302489563822746,
      -0.018256835639476776,
      -0.015657348558306694,
      -0.013444213196635246,
      -0.011576537974178791,
      -0.009998778812587261,
      -0.008659057319164276,
      -0.007544555701315403,
      -0.006608276162296534,
      -0.005833434872329235,
      -0.005186767317354679,
      -0.004659423604607582,
      -0.0042260740883648396,
      -0.003864135593175888,
      -0.0035684204194694757,
      -0.003322448581457138,
      -0.0031216430943459272,
      -0.002957000629976392,
      -0.002818145789206028,
      -0.0027098082937300205,
      -0.0026219177525490522,
      -0.002550964243710041,
      -0.002494659274816513,
      -0.0024482726585119963,
      -0.0024139403831213713,
      -0.0023864745162427425,
      -0.002362213097512722,
      -0.0023481750395148993,
      -0.0023387144319713116,
      -0.0023338317405432463,
      -0.0023341369815170765,
      -0.0023377989418804646,
      -0.002340240404009819,
      -0.0023461913224309683,
      -0.002358398400247097,
      -0.0023731994442641735,
      -0.0023877716157585382,
      -0.0024044036399573088,
      -0.0024192810524255037,
      -0.0024410246405750513,
      -0.0024639128241688013,
      -0.0024878692347556353,
      -0.0025074768345803022,
      -0.0025372314266860485,
      -0.0025631713215261698,
      -0.002590713556855917,
      -0.002619781531393528,
      -0.002651061862707138,
      -0.0026841736398637295,
      -0.0027168274391442537,
      -0.002755661029368639,
      -0.0027877807151526213,
      -0.0028264618013054132,
      -0.002863235305994749,
      -0.002904510358348489,
      -0.002943496685475111,
      -0.0029853819869458675,
      -0.0030258940532803535,
      -0.0030673216097056866,
      -0.003112640231847763,
      -0.0031599425710737705,
      -0.0032032011076807976,
      -0.003251647809520364,
      -0.0032952118199318647,
      -0.003346786368638277,
      -0.0034002684988081455,
      -0.003451232798397541,
      -0.00350578292272985,
      -0.0035661314614117146,
      -0.0036183164920657873,
      -0.0036689757835119963,
      -0.0037310027983039618,
      -0.0037884521298110485,
      -0.0038539122324436903,
      -0.003912734799087048,
      -0.003972930833697319,
      -0.004032669123262167,
      -0.0040959930047392845,
      -0.004164733923971653,
      -0.004229278303682804,
      -0.004293670412153006,
      -0.004364013671875,
      -0.004434280097484589,
      -0.004496307112276554,
      -0.004559325985610485,
      -0.004631728865206242
    ],