{
  "standard": {
    "pairwise_accuracy": 0.695,
    "reward_chosen_mean": -0.6444082832336426,
    "reward_chosen_std": 0.6397475061609502,
    "reward_rejected_mean": -1.06070068359375,
    "reward_rejected_std": 0.750350156344156,
    "reward_margin_mean": 0.4162924003601074,
    "reward_margin_std": 0.8292915166926741,
    "preact_chosen_mean": -12.028641006946565,
    "preact_chosen_std": 16.614453083176148,
    "preact_rejected_mean": -20.694809157252312,
    "preact_rejected_std": 20.564692081965216,
    "length_correlation": 0.25126093818760176,
    "n_examples": 200
  },
  "runaway": {
    "ts": [
      -50.0,
      -44.44444274902344,
      -38.88888931274414,
      -33.333335876464844,
      -27.77777862548828,
      -22.22222328186035,
      -16.666667938232422,
      -11.111112594604492,
      -5.5555572509765625,
      -1.9073486328125e-06,
      5.555553436279297,
      11.111108779907227,
      16.666664123535156,
      22.222219467163086,
      27.777774810791016,
      33.33332824707031,
      38.888885498046875,
      44.44444274902344,
      49.999996185302734,
      55.55554962158203,
      61.111106872558594,
      66.66666412353516,
      72.22221374511719,
      77.77777099609375,
      83.33332824707031,
      88.88888549804688,
      94.44444274902344,
      99.99999237060547,
      105.55554962158203,
      111.1111068725586,
      116.66665649414062,
      122.22221374511719,
      127.77777099609375,
      133.3333282470703,
      138.88888549804688,
      144.44444274902344,
      150.0,
      155.5555419921875,
      161.11109924316406,
      166.66665649414062,
      172.2222137451172,
      177.77777099609375,
      183.3333282470703,
      188.88888549804688,
      194.44442749023438,
      199.99998474121094,
      205.5555419921875,
      211.11109924316406,
      216.66665649414062,
      222.2222137451172,
      227.7777862548828,
      233.33334350585938,
      238.88890075683594,
      244.4444580078125,
      250.00001525878906,
      255.55557250976562,
      261.1111145019531,
      266.66668701171875,
      272.22222900390625,
      277.77777099609375,
      283.3333435058594,
      288.8888854980469,
      294.4444580078125,
      300.0,
      305.5555725097656,
      311.1111145019531,
      316.66668701171875,
      322.22222900390625,
      327.77777099609375,
      333.3333435058594,
      338.8888854980469,
      344.4444580078125,
      350.0,
      355.5555725097656,
      361.1111145019531,
      366.66668701171875,
      372.22222900390625,
      377.77777099609375,
      383.3333435058594,
      388.8888854980469,
      394.4444580078125,
      400.0,
      405.5555725097656,
      411.1111145019531,
      416.6666564941406,
      422.22222900390625,
      427.77777099609375,
      433.3333435058594,
      438.8888854980469,
      444.4444580078125,
      450.0,
      455.5555419921875,
      461.1111145019531,
      466.6666564941406,
      472.22222900390625,
      477.77777099609375,
      483.3333435058594,
      488.8888854980469,
      494.4444580078125,
      500.0
    ],
    "reward_mean": [
      -0.11717773228883743,
      -0.10923828184604645,
      -0.10123046487569809,
      -0.0932324230670929,
      -0.0852343738079071,
      -0.07729492336511612,
      -0.06947753578424454,
      -0.06171874701976776,
      -0.0541699193418026,
      -0.04689941182732582,
      -0.0401611328125,
      -0.03411620855331421,
      -0.02882079966366291,
      -0.024223633110523224,
      -0.020280761644244194,
      -0.01697387732565403,
      -0.01420898362994194,
      -0.011932373046875,
      -0.010087890550494194,
      -0.008608398027718067,
      -0.0074005126953125,
      -0.0064434814266860485,
      -0.0056805419735610485,
      -0.005073241889476776,
      -0.004591980017721653,
      -0.004205627366900444,
      -0.0038983153644949198,
      -0.003656005719676614,
      -0.003462829627096653,
      -0.0033099364954978228,
      -0.0031948850955814123,
      -0.0030982971657067537,
      -0.003025970421731472,
      -0.002974090399220586,
      -0.0029377746395766735,
      -0.0029187011532485485,
      -0.002902984619140625,
      -0.0029003906529396772,
      -0.0029087828006595373,
      -0.0029263305477797985,
      -0.0029446410480886698,
      -0.0029774473514407873,
      -0.0030171202961355448,
      -0.0030619811732321978,
      -0.00310516357421875,
      -0.0031590270809829235,
      -0.003213500836864114,
      -0.003274841234087944,
      -0.0033409118186682463,
      -0.0034048461820930243,
      -0.0034771726932376623,
      -0.0035552978515625,
      -0.0036289978306740522,
      -0.0037066650111228228,
      -0.003786620916798711,
      -0.0038674925453960896,
      -0.0039445492438972,
      -0.004028167575597763,
      -0.00410537701100111,
      -0.004191589076071978,
      -0.004279784858226776,
      -0.004362182691693306,
      -0.004446258302778006,
      -0.004534606821835041,
      -0.004628296010196209,
      -0.004716949537396431,
      -0.0048107909969985485,
      -0.0049003600142896175,
      -0.004997100681066513,
      -0.005086669698357582,
      -0.005186767317354679,
      -0.005284423939883709,
      -0.005376586690545082,
      -0.005477142054587603,
      -0.0055746459402143955,
      -0.00566940288990736,
      -0.005765838548541069,
      -0.0058692931197583675,
      -0.0059733581729233265,
      -0.006074065808206797,
      -0.0061791990883648396,
      -0.0062774657271802425,
      -0.0063757323659956455,
      -0.006486053112894297,
      -0.006583862006664276,
      -0.006692199502140284,
      -0.0067926025949418545,
      -0.006898193154484034,
      -0.007002105470746756,
      -0.007101898081600666,
      -0.0072174072265625,
      -0.007321624550968409,
      -0.007433776743710041,
      -0.0075421142391860485,
      -0.007656860165297985,
      -0.007763976696878672,
      -0.0078738396987319,
      -0.007985839620232582,
      -0.008087158203125,
      -0.008197021670639515
    ],