{
  "standard": {
    "pairwise_accuracy": 0.625,
    "reward_chosen_mean": 0.45635154724121096,
    "reward_chosen_std": 0.30143814747527,
    "reward_rejected_mean": 0.33769683837890624,
    "reward_rejected_std": 0.30885619923825475,
    "reward_margin_mean": 0.11865470886230468,
    "reward_margin_std": 0.3751135593324499,
    "preact_chosen_mean": -0.24149937123060228,
    "preact_chosen_std": 1.6997671041443336,
    "preact_chosen_abs_mean": 1.3033345279097557,
    "preact_rejected_mean": -0.31656902968883516,
    "preact_rejected_std": 1.939749957244825,
    "preact_rejected_abs_mean": 1.6000485497713088,
    "length_correlation": 0.36765712141604107,
    "n_examples": 200
  },
  "runaway": {
    "ts": [
      -50.0,
      -48.48484802246094,
      -46.969696044921875,
      -45.45454406738281,
      -43.93939208984375,
      -42.42424392700195,
      -40.90909194946289,
      -39.39393997192383,
      -37.878787994384766,
      -36.3636360168457,
      -34.84848403930664,
      -33.33333206176758,
      -31.81818199157715,
      -30.303030014038086,
      -28.787879943847656,
      -27.272727966308594,
      -25.75757598876953,
      -24.24242401123047,
      -22.727272033691406,
      -21.212121963500977,
      -19.696969985961914,
      -18.18181800842285,
      -16.666667938232422,
      -15.15151596069336,
      -13.636363983154297,
      -12.121212005615234,
      -10.606060981750488,
      -9.090909957885742,
      -7.57575798034668,
      -6.060606479644775,
      -4.545454978942871,
      -3.030303478240967,
      -1.5151519775390625,
      -4.76837158203125e-07,
      1.515151023864746,
      3.0303025245666504,
      4.545454025268555,
      6.060605525970459,
      7.575757026672363,
      9.09090805053711,
      10.606060028076172,
      12.121212005615234,
      13.63636302947998,
      15.151514053344727,
      16.66666603088379,
      18.18181800842285,
      19.69696807861328,
      21.212120056152344,
      22.727272033691406,
      24.24242401123047,
      25.75757598876953,
      27.272727966308594,
      28.787879943847656,
      30.30303192138672,
      31.81818199157715,
      33.333335876464844,
      34.84848403930664,
      36.3636360168457,
      37.878787994384766,
      39.39393997192383,
      40.90909194946289,
      42.42424392700195,
      43.939395904541016,
      45.45454406738281,
      46.969696044921875,
      48.48484802246094,
      50.0,
      51.51515197753906,
      53.030303955078125,
      54.54545593261719,
      56.06060791015625,
      57.57575988769531,
      59.09090805053711,
      60.60606002807617,
      62.121212005615234,
      63.6363639831543,
      65.1515121459961,
      66.66666412353516,
      68.18181610107422,
      69.69696807861328,
      71.21212005615234,
      72.7272720336914,
      74.24242401123047,
      75.75757598876953,
      77.2727279663086,
      78.78787994384766,
      80.30303192138672,
      81.81818389892578,
      83.33333587646484,
      84.8484878540039,
      86.36363983154297,
      87.8787841796875,
      89.39393615722656,
      90.90908813476562,
      92.42424011230469,
      93.93939208984375,
      95.45454406738281,
      96.96969604492188,
      98.48484802246094,
      100.0
    ],
    "reward_mean": [
      0.025493163615465164,
      0.02498168870806694,
      0.024461211636662483,
      0.023986205458641052,
      0.02351181022822857,
      0.023093413561582565,
      0.022737426683306694,
      0.022379454225301743,
      0.02201141230762005,
      0.021811064332723618,
      0.021623382344841957,
      0.021563567221164703,
      0.021522369235754013,
      0.021676482632756233,
      0.021856078878045082,
      0.022129211574792862,
      0.0225871279835701,
      0.023172911256551743,
      0.023921508342027664,
      0.02487487718462944,
      0.026070861145853996,
      0.027620239183306694,
      0.029526976868510246,
      0.0320599339902401,
      0.0352490209043026,
      0.0393994115293026,
      0.044886473566293716,
      0.052043456584215164,
      0.06126220524311066,
      0.07325683534145355,
      0.08835449069738388,
      0.10652343183755875,
      0.12785156071186066,
      0.15089842677116394,
      0.17417968809604645,
      0.1959570199251175,
      0.21330077946186066,
      0.22513671219348907,
      0.23066405951976776,
      0.22999998927116394,
      0.22453124821186066,
      0.21562498807907104,
      0.20468749105930328,
      0.19309569895267487,
      0.18166014552116394,
      0.1710839867591858,
      0.1615332067012787,
      0.1532324254512787,
      0.1459667980670929,
      0.13987304270267487,
      0.13478516042232513,
      0.13038085401058197,
      0.12661132216453552,
      0.12360351532697678,
      0.12095703184604645,
      0.1186230406165123,
      0.11677733808755875,
      0.11509765684604645,
      0.11354491859674454,
      0.11219726502895355,
      0.11112792789936066,
      0.1100146472454071,
      0.10902831703424454,
      0.10822265595197678,
      0.1073632761836052,
      0.10660155862569809,
      0.1058984324336052,
      0.10506835579872131,
      0.1045214831829071,
      0.10389159619808197,
      0.10337401926517487,
      0.10277831554412842,
      0.10233398526906967,
      0.10196288675069809,
      0.10154296457767487,
      0.1011669933795929,
      0.10074707120656967,
      0.10052245855331421,
      0.10022948682308197,
      0.10003417730331421,
      0.09984374791383743,
      0.09958983957767487,
      0.09942626953125,
      0.09926513582468033,
      0.09916748106479645,
      0.09895507246255875,
      0.09883788973093033,
      0.09876953065395355,
      0.09856445342302322,
      0.09849365055561066,
      0.09819091856479645,
      0.09814453125,
      0.09790771454572678,
      0.09769652783870697,
      0.0977185070514679,
      0.0974743664264679,
      0.09733398258686066,
      0.09714965522289276,
      0.096893310546875,
      0.09678954631090164
    ],