{
  "standard": {
    "pairwise_accuracy": 0.64,
    "reward_chosen_mean": 0.5312169718742371,
    "reward_chosen_std": 0.33180909711620926,
    "reward_rejected_mean": 0.3450303530693054,
    "reward_rejected_std": 0.32770223023216916,
    "reward_margin_mean": 0.18618661880493165,
    "reward_margin_std": 0.41192115865484374,
    "preact_chosen_mean": 0.34410293519496915,
    "preact_chosen_std": 2.0155503826804266,
    "preact_chosen_abs_mean": 1.466226013302803,
    "preact_rejected_mean": 0.31269623450934886,
    "preact_rejected_std": 2.462669010827387,
    "preact_rejected_abs_mean": 1.9949180196970702,
    "length_correlation": 0.2554541274915697,
    "n_examples": 200
  },
  "runaway": {
    "ts": [
      -50.0,
      -48.48484802246094,
      -46.969696044921875,
      -45.45454406738281,
      -43.93939208984375,
      -42.42424392700195,
      -40.90909194946289,
      -39.39393997192383,
      -37.878787994384766,
      -36.3636360168457,
      -34.84848403930664,
      -33.33333206176758,
      -31.81818199157715,
      -30.303030014038086,
      -28.787879943847656,
      -27.272727966308594,
      -25.75757598876953,
      -24.24242401123047,
      -22.727272033691406,
      -21.212121963500977,
      -19.696969985961914,
      -18.18181800842285,
      -16.666667938232422,
      -15.15151596069336,
      -13.636363983154297,
      -12.121212005615234,
      -10.606060981750488,
      -9.090909957885742,
      -7.57575798034668,
      -6.060606479644775,
      -4.545454978942871,
      -3.030303478240967,
      -1.5151519775390625,
      -4.76837158203125e-07,
      1.515151023864746,
      3.0303025245666504,
      4.545454025268555,
      6.060605525970459,
      7.575757026672363,
      9.09090805053711,
      10.606060028076172,
      12.121212005615234,
      13.63636302947998,
      15.151514053344727,
      16.66666603088379,
      18.18181800842285,
      19.69696807861328,
      21.212120056152344,
      22.727272033691406,
      24.24242401123047,
      25.75757598876953,
      27.272727966308594,
      28.787879943847656,
      30.30303192138672,
      31.81818199157715,
      33.333335876464844,
      34.84848403930664,
      36.3636360168457,
      37.878787994384766,
      39.39393997192383,
      40.90909194946289,
      42.42424392700195,
      43.939395904541016,
      45.45454406738281,
      46.969696044921875,
      48.48484802246094,
      50.0,
      51.51515197753906,
      53.030303955078125,
      54.54545593261719,
      56.06060791015625,
      57.57575988769531,
      59.09090805053711,
      60.60606002807617,
      62.121212005615234,
      63.6363639831543,
      65.1515121459961,
      66.66666412353516,
      68.18181610107422,
      69.69696807861328,
      71.21212005615234,
      72.7272720336914,
      74.24242401123047,
      75.75757598876953,
      77.2727279663086,
      78.78787994384766,
      80.30303192138672,
      81.81818389892578,
      83.33333587646484,
      84.8484878540039,
      86.36363983154297,
      87.8787841796875,
      89.39393615722656,
      90.90908813476562,
      92.42424011230469,
      93.93939208984375,
      95.45454406738281,
      96.96969604492188,
      98.48484802246094,
      100.0
    ],
    "reward_mean": [
      0.056706540286540985,
      0.05770263448357582,
      0.05887451022863388,
      0.060032956302165985,
      0.06134643405675888,
      0.0627429187297821,
      0.06438232213258743,
      0.06604858487844467,
      0.06792846322059631,
      0.07002807408571243,
      0.07236327975988388,
      0.0748291015625,
      0.07759155333042145,
      0.08080810308456421,
      0.08431518077850342,
      0.08814696967601776,
      0.0925891101360321,
      0.09743163734674454,
      0.10303466767072678,
      0.1094995066523552,
      0.11683593690395355,
      0.12541504204273224,
      0.13540038466453552,
      0.1471533179283142,
      0.16117186844348907,
      0.17742186784744263,
      0.19672851264476776,
      0.21940429508686066,
      0.2459374964237213,
      0.2766406238079071,
      0.3111523389816284,
      0.3492382764816284,
      0.3903906047344208,
      0.43226560950279236,
      0.4737890660762787,
      0.5129687190055847,
      0.5466015338897705,
      0.5746484398841858,
      0.5940234065055847,
      0.6055077910423279,
      0.6083202958106995,
      0.603515625,
      0.5915625095367432,
      0.57421875,
      0.552734375,
      0.5287890434265137,
      0.5035937428474426,
      0.47826170921325684,
      0.45255857706069946,
      0.42878904938697815,
      0.40625,
      0.385078102350235,
      0.36628904938697815,
      0.34886717796325684,
      0.3333398401737213,
      0.31880858540534973,
      0.30620115995407104,
      0.2946874797344208,
      0.2841796875,
      0.2744238078594208,
      0.2659277319908142,
      0.2579003870487213,
      0.2505468726158142,
      0.2443554699420929,
      0.23844726383686066,
      0.23291015625,
      0.2277539074420929,
      0.2234472632408142,
      0.21919433772563934,
      0.21537597477436066,
      0.21190428733825684,
      0.20869629085063934,
      0.20572753250598907,
      0.2029736340045929,
      0.20041503012180328,
      0.19803710281848907,
      0.19578613340854645,
      0.19383300840854645,
      0.19185058772563934,
      0.1900366097688675,
      0.18830810487270355,
      0.18675293028354645,
      0.18525390326976776,
      0.18361937999725342,
      0.18239378929138184,
      0.18114013969898224,
      0.17988525331020355,
      0.17856933176517487,
      0.1773644983768463,
      0.17612792551517487,
      0.17514708638191223,
      0.17379699647426605,
      0.1727410852909088,
      0.1717108190059662,
      0.17057006061077118,
      0.16960205137729645,
      0.16854308545589447,
      0.16748046875,
      0.16661497950553894,
      0.1656988561153412
    ],