{
  "standard": {
    "pairwise_accuracy": 0.69,
    "reward_chosen_mean": 0.14058319091796875,
    "reward_chosen_std": 0.9184584846379118,
    "reward_rejected_mean": -0.40945068359375,
    "reward_rejected_std": 1.0105222851032671,
    "reward_margin_mean": 0.5500338745117187,
    "reward_margin_std": 1.0830899982294666,
    "preact_chosen_mean": 0.14086737155914306,
    "preact_chosen_std": 2.3981035678336973,
    "preact_rejected_mean": -0.40930109694600103,
    "preact_rejected_std": 2.5115811048302947,
    "length_correlation": 0.026095108844486584,
    "n_examples": 200
  },
  "runaway": {
    "ts": [
      -5.0,
      -4.489795684814453,
      -3.9795918464660645,
      -3.4693877696990967,
      -2.959183692932129,
      -2.448979616165161,
      -1.9387755393981934,
      -1.4285714626312256,
      -0.9183673858642578,
      -0.40816330909729004,
      0.10204076766967773,
      0.6122448444366455,
      1.1224489212036133,
      1.632652997970581,
      2.142857074737549,
      2.6530611515045166,
      3.1632652282714844,
      3.673469305038452,
      4.18367338180542,
      4.693877220153809,
      5.2040815353393555,
      5.714285850524902,
      6.224489688873291,
      6.73469352722168,
      7.244897842407227,
      7.755102157592773,
      8.26530647277832,
      8.775510787963867,
      9.285714149475098,
      9.795918464660645,
      10.306122779846191,
      10.816326141357422,
      11.326530456542969,
      11.836734771728516,
      12.346939086914062,
      12.85714340209961,
      13.36734676361084,
      13.877551078796387,
      14.387755393981934,
      14.897958755493164,
      15.408163070678711,
      15.918367385864258,
      16.428571701049805,
      16.93877601623535,
      17.4489803314209,
      17.959182739257812,
      18.46938705444336,
      18.979591369628906,
      19.489795684814453,
      20.0
    ],
    "reward_mean": [
      -0.4528222680091858,
      -0.43058592081069946,
      -0.4076806604862213,
      -0.38541990518569946,
      -0.3632177710533142,
      -0.3407849073410034,
      -0.3178955018520355,
      -0.2947656214237213,
      -0.27226561307907104,
      -0.24693846702575684,
      -0.23092040419578552,
      -0.20760375261306763,
      -0.1836596578359604,
      -0.16066040098667145,
      -0.1374639868736267,
      -0.11542358249425888,
      -0.09326171875,
      -0.07138412445783615,
      -0.04915222153067589,
      -0.027089538052678108,
      -0.0048327636905014515,
      0.017347106710076332,
      0.0391857884824276,
      0.06108764559030533,
      0.08301040530204773,
      0.1047515869140625,
      0.12639403343200684,
      0.14792968332767487,
      0.16937926411628723,
      0.1909533590078354,
      0.21253173053264618,
      0.23363646864891052,
      0.25535276532173157,
      0.27668944001197815,
      0.2977246046066284,
      0.3188708424568176,
      0.3401464819908142,
      0.3613378703594208,
      0.38190916180610657,
      0.403144508600235,
      0.42406249046325684,
      0.4442480504512787,
      0.4654492139816284,
      0.4867187440395355,
      0.5068749785423279,
      0.5272167921066284,
      0.5482812523841858,
      0.5685498118400574,
      0.5893652439117432,
      0.6092480421066284
    ],
    "reward_std": [
      0.16605305671691895,
      0.16620765626430511,
      0.1664072573184967,
      0.16574159264564514,
      0.16604334115982056,
      0.16602182388305664,
      0.1658826321363449,
      0.16565284132957458,
      0.16598032414913177,
      0.16596320271492004,
      0.165823295712471,
      0.1659717708826065,
      0.16608425974845886,
      0.16614344716072083,
      0.1659071296453476,
      0.16610519587993622,
      0.16575480997562408,
      0.16567572951316833,
      0.16604003310203552,
      0.16606611013412476,
      0.1660478413105011,
      0.16587458550930023,
      0.16593502461910248,
      0.16607488691806793,
      0.16598494350910187,
      0.16560198366641998,
      0.165603905916214,
      0.16585810482501984,
      0.16532325744628906,
      0.16535018384456635,
      0.16520214080810547,
      0.16556495428085327,
      0.1653268188238144,
      0.16508442163467407,
      0.16514110565185547,
      0.16483168303966522,
      0.16495606303215027,
      0.16480082273483276,
      0.16450101137161255,
      0.1645122915506363,
      0.16481436789035797,
      0.16420431435108185,
      0.16420692205429077,
      0.16441765427589417,
      0.1640280783176422,
      0.16398675739765167,
      0.16425801813602448,
      0.1642799824476242,
      0.16365084052085876,
      0.16354228556156158
    ],
    "grad_norm_mean": 0.04443359375,
    "grad_norm_std": 0.000583648681640625
  },
  "runaway_summary": {
    "reward_at_t_max": 0.6092480421066284,
    "reward_at_t_min": -0.4528222680091858,
    "asymptote_estimate": 0.6092480421066284,
    "linearity_r2": 0.9997496966239824,
    "concavity_index": -4.903227090835571e-05,
    "linear_fit_slope": 0.04258075446064716,
    "linear_fit_intercept": -0.23140428605674004
  },
  "activation_name": "ident",
  "checkpoint": "./outputs/rm-ident-5k/final"
}