{
  "standard": {
    "pairwise_accuracy": 0.685,
    "reward_chosen_mean": -1.71117919921875,
    "reward_chosen_std": 0.9260373330313453,
    "reward_rejected_mean": -2.2086279296875,
    "reward_rejected_std": 1.0234337828008107,
    "reward_margin_mean": 0.49744873046875,
    "reward_margin_std": 1.0331416939282634,
    "preact_chosen_mean": 0.09955774068832397,
    "preact_chosen_std": 4.2902337636793,
    "preact_rejected_mean": -0.5809244632720947,
    "preact_rejected_std": 4.794609957736023,
    "length_correlation": 0.09231721333955946,
    "n_examples": 200
  },
  "runaway": {
    "ts": [
      -5.0,
      -4.489795684814453,
      -3.9795918464660645,
      -3.4693877696990967,
      -2.959183692932129,
      -2.448979616165161,
      -1.9387755393981934,
      -1.4285714626312256,
      -0.9183673858642578,
      -0.40816330909729004,
      0.10204076766967773,
      0.6122448444366455,
      1.1224489212036133,
      1.632652997970581,
      2.142857074737549,
      2.6530611515045166,
      3.1632652282714844,
      3.673469305038452,
      4.18367338180542,
      4.693877220153809,
      5.2040815353393555,
      5.714285850524902,
      6.224489688873291,
      6.73469352722168,
      7.244897842407227,
      7.755102157592773,
      8.26530647277832,
      8.775510787963867,
      9.285714149475098,
      9.795918464660645,
      10.306122779846191,
      10.816326141357422,
      11.326530456542969,
      11.836734771728516,
      12.346939086914062,
      12.85714340209961,
      13.36734676361084,
      13.877551078796387,
      14.387755393981934,
      14.897958755493164,
      15.408163070678711,
      15.918367385864258,
      16.428571701049805,
      16.93877601623535,
      17.4489803314209,
      17.959182739257812,
      18.46938705444336,
      18.979591369628906,
      19.489795684814453,
      20.0
    ],
    "reward_mean": [
      -0.9664062261581421,
      -0.9552343487739563,
      -0.9443749785423279,
      -0.9339843392372131,
      -0.922656238079071,
      -0.9115625023841858,
      -0.9005468487739563,
      -0.8901562094688416,
      -0.87890625,
      -0.8671875,
      -0.8594530820846558,
      -0.8478124737739563,
      -0.8369531035423279,
      -0.8263280987739563,
      -0.8160156011581421,
      -0.8055468797683716,
      -0.7950780987739563,
      -0.7853124737739563,
      -0.7747656106948853,
      -0.7649218440055847,
      -0.7553125023841858,
      -0.7454687356948853,
      -0.7360156178474426,
      -0.7263281345367432,
      -0.716796875,
      -0.7071874737739563,
      -0.6979687213897705,
      -0.6889843344688416,
      -0.6795312166213989,
      -0.6709374785423279,
      -0.6616015434265137,
      -0.6526171565055847,
      -0.6439062356948853,
      -0.6353124976158142,
      -0.6266406178474426,
      -0.6181640625,
      -0.6100000143051147,
      -0.6016796827316284,
      -0.5932031273841858,
      -0.5849999785423279,
      -0.5769921541213989,
      -0.5692187547683716,
      -0.5612109303474426,
      -0.5533984303474426,
      -0.5456640720367432,
      -0.5380077958106995,
      -0.5304296612739563,
      -0.5229687094688416,
      -0.515625,
      -0.5085546970367432
    ],
    "reward_std": [
      0.10177382826805115,
      0.10078443586826324,
      0.10020606219768524,
      0.10032623261213303,
      0.0992017462849617,
      0.09911303967237473,
      0.09805629402399063,
      0.09797822684049606,
      0.09703726321458817,
      0.09671259671449661,
      0.09581487625837326,
      0.09523941576480865,
      0.09483589977025986,
      0.09356781840324402,
      0.09315770864486694,
      0.09273234009742737,
      0.0916069895029068,
      0.09167070686817169,
      0.09054500609636307,
      0.0895458310842514,
      0.08899842202663422,
      0.088312067091465,
      0.08741087466478348,
      0.08694050461053848,
      0.08610491454601288,
      0.08509251475334167,
      0.08492210507392883,
      0.08415760099887848,
      0.08296532183885574,
      0.08245933055877686,
      0.08155231177806854,
      0.08067624270915985,
      0.0801907554268837,
      0.0793667659163475,
      0.07831744104623795,
      0.07767954468727112,
      0.07705383747816086,
      0.07635246217250824,
      0.07539374381303787,
      0.07481347024440765,
      0.07418527454137802,
      0.07298241555690765,
      0.07240244001150131,
      0.07183028757572174,
      0.07105033844709396,
      0.070420041680336,
      0.06932578980922699,
      0.06861520558595657,
      0.06790631264448166,
      0.06752680987119675
    ],
    "grad_norm_mean": 0.02099609375,
    "grad_norm_std": 0.0014801025390625
  },
  "runaway_summary": {
    "reward_at_t_max": -0.5085546970367432,
    "reward_at_t_min": -0.9664062261581421,
    "asymptote_estimate": -0.5085546970367432,
    "linearity_r2": 0.9965455807121794,
    "concavity_index": -8.544946710268657e-05,
    "linear_fit_slope": 0.01838906929835855,
    "linear_fit_intercept": -0.8590765977827888
  },
  "activation_name": "bounded_above",
  "checkpoint": "./outputs/rm-bounded-5k/final"
}