{
  "standard": {
    "pairwise_accuracy": 0.625,
    "reward_chosen_mean": -0.36934120178222657,
    "reward_chosen_std": 0.33476670375329926,
    "reward_rejected_mean": -0.5108540344238282,
    "reward_rejected_std": 0.3292120198817637,
    "reward_margin_mean": 0.14151283264160155,
    "reward_margin_std": 0.37194938363117486,
    "preact_chosen_mean": -6.7393287181854244,
    "preact_chosen_std": 8.806933627431109,
    "preact_rejected_mean": -9.906827611923218,
    "preact_rejected_std": 9.103318351726086,
    "length_correlation": 0.412040552583639,
    "n_examples": 200
  },
  "runaway": {
    "ts": [
      -50.0,
      -44.44444274902344,
      -38.88888931274414,
      -33.333335876464844,
      -27.77777862548828,
      -22.22222328186035,
      -16.666667938232422,
      -11.111112594604492,
      -5.5555572509765625,
      -1.9073486328125e-06,
      5.555553436279297,
      11.111108779907227,
      16.666664123535156,
      22.222219467163086,
      27.777774810791016,
      33.33332824707031,
      38.888885498046875,
      44.44444274902344,
      49.999996185302734,
      55.55554962158203,
      61.111106872558594,
      66.66666412353516,
      72.22221374511719,
      77.77777099609375,
      83.33332824707031,
      88.88888549804688,
      94.44444274902344,
      99.99999237060547,
      105.55554962158203,
      111.1111068725586,
      116.66665649414062,
      122.22221374511719,
      127.77777099609375,
      133.3333282470703,
      138.88888549804688,
      144.44444274902344,
      150.0,
      155.5555419921875,
      161.11109924316406,
      166.66665649414062,
      172.2222137451172,
      177.77777099609375,
      183.3333282470703,
      188.88888549804688,
      194.44442749023438,
      199.99998474121094,
      205.5555419921875,
      211.11109924316406,
      216.66665649414062,
      222.2222137451172,
      227.7777862548828,
      233.33334350585938,
      238.88890075683594,
      244.4444580078125,
      250.00001525878906,
      255.55557250976562,
      261.1111145019531,
      266.66668701171875,
      272.22222900390625,
      277.77777099609375,
      283.3333435058594,
      288.8888854980469,
      294.4444580078125,
      300.0,
      305.5555725097656,
      311.1111145019531,
      316.66668701171875,
      322.22222900390625,
      327.77777099609375,
      333.3333435058594,
      338.8888854980469,
      344.4444580078125,
      350.0,
      355.5555725097656,
      361.1111145019531,
      366.66668701171875,
      372.22222900390625,
      377.77777099609375,
      383.3333435058594,
      388.8888854980469,
      394.4444580078125,
      400.0,
      405.5555725097656,
      411.1111145019531,
      416.6666564941406,
      422.22222900390625,
      427.77777099609375,
      433.3333435058594,
      438.8888854980469,
      444.4444580078125,
      450.0,
      455.5555419921875,
      461.1111145019531,
      466.6666564941406,
      472.22222900390625,
      477.77777099609375,
      483.3333435058594,
      488.8888854980469,
      494.4444580078125,
      500.0
    ],
    "reward_mean": [
      -0.10976561903953552,
      -0.10210937261581421,
      -0.09447265416383743,
      -0.08677734434604645,
      -0.07909179478883743,
      -0.07143066078424454,
      -0.06387694925069809,
      -0.05644042789936066,
      -0.049223631620407104,
      -0.04227050766348839,
      -0.03583740070462227,
      -0.03011474572122097,
      -0.02509765513241291,
      -0.020778808742761612,
      -0.017155760899186134,
      -0.014199218712747097,
      -0.011809081770479679,
      -0.009915770962834358,
      -0.008427734486758709,
      -0.0072760009206831455,
      -0.006389770191162825,
      -0.005708618089556694,
      -0.005184936337172985,
      -0.004781493917107582,
      -0.0044760131277143955,
      -0.0042434693314135075,
      -0.0040707397274672985,
      -0.00394439697265625,
      -0.003855285467579961,
      -0.0037985227536410093,
      -0.0037600707728415728,
      -0.0037454222328960896,
      -0.0037451169919222593,
      -0.003757476806640625,
      -0.0037864684127271175,
      -0.00382232666015625,
      -0.0038621521089226007,
      -0.003916015382856131,
      -0.003967132419347763,
      -0.0040260315872728825,
      -0.0040916441939771175,
      -0.0041651916690170765,
      -0.0042309570126235485,
      -0.004310912918299437,
      -0.004390716552734375,
      -0.004470061976462603,
      -0.0045523070730268955,
      -0.0046353149227797985,
      -0.004726104438304901,
      -0.004811096005141735,
      -0.004907684400677681,
      -0.005007934290915728,
      -0.005104980431497097,
      -0.005205840803682804,
      -0.0053039551712572575,
      -0.0054202270694077015,
      -0.005505523644387722,
      -0.005613555666059256,
      -0.0057186889462172985,
      -0.005819244310259819,
      -0.005932006519287825,
      -0.006038665771484375,
      -0.0061459350399672985,
      -0.0062547302804887295,
      -0.0063737486489117146,
      -0.006483764387667179,
      -0.0065904236398637295,
      -0.0067028808407485485,
      -0.006824645679444075,
      -0.006939239334315062,
      -0.007058257702738047,
      -0.007166900672018528,
      -0.007290649227797985,
      -0.007408523466438055,
      -0.007527618203312159,
      -0.007656707428395748,
      -0.0077713774517178535,
      -0.007895355112850666,
      -0.008023910224437714,
      -0.008150177076458931,
      -0.008260956034064293,
      -0.008390731178224087,
      -0.008520507253706455,
      -0.008645248599350452,
      -0.008779906667768955,
      -0.008900756947696209,
      -0.009029769338667393,
      -0.009151000529527664,
      -0.009290466085076332,
      -0.00942184403538704,
      -0.009546356275677681,
      -0.009680633433163166,
      -0.009826507419347763,
      -0.00995231606066227,
      -0.010081023909151554,
      -0.010214920155704021,
      -0.010337600484490395,
      -0.010482940822839737,
      -0.010613174177706242,
      -0.010752944275736809
    ],